DATAFLOW,LAST UPDATE,freq,unit,c_resid,nace_r2,geo,TIME_PERIOD,OBS_VALUE,OBS_FLAG
ESTAT:TOUR_OCC_ARNRAW$DEFAULTVIEW(1.0),25/06/13 23:00:00,A,NR,EUR,I551-I553,AL,2020,260779,e
ESTAT:TOUR_OCC_ARNRAW$DEFAULTVIEW(1.0),25/06/13 23:00:00,A,NR,EUR,I551-I553,AT,2012,29727982,
ESTAT:TOUR_OCC_ARNRAW$DEFAULTVIEW(1.0),25/06/13 23:00:00,A,NR,EUR,I551-I553,AT,2013,30126943,
ESTAT:TOUR_OCC_ARNRAW$DEFAULTVIEW(1.0),25/06/13 23:00:00,A,NR,EUR,I551-I553,AT,2014,30563604,
ESTAT:TOUR_OCC_ARNRAW$DEFAULTVIEW(1.0),25/06/13 23:00:00,A,NR,EUR,I551-I553,AT,2015,31649985,
ESTAT:TOUR_OCC_ARNRAW$DEFAULTVIEW(1.0),25/06/13 23:00:00,A,NR,EUR,I551-I553,AT,2016,33376905,
ESTAT:TOUR_OCC_ARNRAW$DEFAULTVIEW(1.0),25/06/13 23:00:00,A,NR,EUR,I551-I553,AT,2017,34495845,
ESTAT:TOUR_OCC_ARNRAW$DEFAULTVIEW(1.0),25/06/13 23:00:00,A,NR,EUR,I551-I553,AT,2018,35797969,
ESTAT:TOUR_OCC_ARNRAW$DEFAULTVIEW(1.0),25/06/13 23:00:00,A,NR,EUR,I551-I553,AT,2019,36803948,
ESTAT:TOUR_OCC_ARNRAW$DEFAULTVIEW(1.0),25/06/13 23:00:00,A,NR,EUR,I551-I553,AT,2020,21035145,
ESTAT:TOUR_OCC_ARNRAW$DEFAULTVIEW(1.0),25/06/13 23:00:00,A,NR,EUR,I551-I553,AT,2021,19157355,
ESTAT:TOUR_OCC_ARNRAW$DEFAULTVIEW(1.0),25/06/13 23:00:00,A,NR,EUR,I551-I553,BE,2012,12777968,
ESTAT:TOUR_OCC_ARNRAW$DEFAULTVIEW(1.0),25/06/13 23:00:00,A,NR,EUR,I551-I553,BE,2013,12982987,
ESTAT:TOUR_OCC_ARNRAW$DEFAULTVIEW(1.0),25/06/13 23:00:00,A,NR,EUR,I551-I553,BE,2014,13363268,
ESTAT:TOUR_OCC_ARNRAW$DEFAULTVIEW(1.0),25/06/13 23:00:00,A,NR,EUR,I551-I553,BE,2015,14464553,
ESTAT:TOUR_OCC_ARNRAW$DEFAULTVIEW(1.0),25/06/13 23:00:00,A,NR,EUR,I551-I553,BE,2016,14097047,
ESTAT:TOUR_OCC_ARNRAW$DEFAULTVIEW(1.0),25/06/13 23:00:00,A,NR,EUR,I551-I553,BE,2017,14869811,
ESTAT:TOUR_OCC_ARNRAW$DEFAULTVIEW(1.0),25/06/13 23:00:00,A,NR,EUR,I551-I553,BE,2018,15922055,
ESTAT:TOUR_OCC_ARNRAW$DEFAULTVIEW(1.0),25/06/13 23:00:00,A,NR,EUR,I551-I553,BE,2019,16344601,
ESTAT:TOUR_OCC_ARNRAW$DEFAULTVIEW(1.0),25/06/13 23:00:00,A,NR,EUR,I551-I553,BE,2020,7084494,
ESTAT:TOUR_OCC_ARNRAW$DEFAULTVIEW(1.0),25/06/13 23:00:00,A,NR,EUR,I551-I553,BE,2021,10652706,
ESTAT:TOUR_OCC_ARNRAW$DEFAULTVIEW(1.0),25/06/13 23:00:00,A,NR,EUR,I551-I553,BG,2012,5148958,
ESTAT:TOUR_OCC_ARNRAW$DEFAULTVIEW(1.0),25/06/13 23:00:00,A,NR,EUR,I551-I553,BG,2013,5449861,
ESTAT:TOUR_OCC_ARNRAW$DEFAULTVIEW(1.0),25/06/13 23:00:00,A,NR,EUR,I551-I553,BG,2014,5487630,
ESTAT:TOUR_OCC_ARNRAW$DEFAULTVIEW(1.0),25/06/13 23:00:00,A,NR,EUR,I551-I553,BG,2015,5778450,
ESTAT:TOUR_OCC_ARNRAW$DEFAULTVIEW(1.0),25/06/13 23:00:00,A,NR,EUR,I551-I553,BG,2016,6779561,
ESTAT:TOUR_OCC_ARNRAW$DEFAULTVIEW(1.0),25/06/13 23:00:00,A,NR,EUR,I551-I553,BG,2017,7014462,
ESTAT:TOUR_OCC_ARNRAW$DEFAULTVIEW(1.0),25/06/13 23:00:00,A,NR,EUR,I551-I553,BG,2018,7319217,
ESTAT:TOUR_OCC_ARNRAW$DEFAULTVIEW(1.0),25/06/13 23:00:00,A,NR,EUR,I551-I553,BG,2019,7662976,
ESTAT:TOUR_OCC_ARNRAW$DEFAULTVIEW(1.0),25/06/13 23:00:00,A,NR,EUR,I551-I553,BG,2020,3895825,
ESTAT:TOUR_OCC_ARNRAW$DEFAULTVIEW(1.0),25/06/13 23:00:00,A,NR,EUR,I551-I553,BG,2021,5492091,
ESTAT:TOUR_OCC_ARNRAW$DEFAULTVIEW(1.0),25/06/13 23:00:00,A,NR,EUR,I551-I553,CH,2016,17318715,
ESTAT:TOUR_OCC_ARNRAW$DEFAULTVIEW(1.0),25/06/13 23:00:00,A,NR,EUR,I551-I553,CH,2017,18080046,
ESTAT:TOUR_OCC_ARNRAW$DEFAULTVIEW(1.0),25/06/13 23:00:00,A,NR,EUR,I551-I553,CH,2018,18939194,
ESTAT:TOUR_OCC_ARNRAW$DEFAULTVIEW(1.0),25/06/13 23:00:00,A,NR,EUR,I551-I553,CH,2019,19251275,
ESTAT:TOUR_OCC_ARNRAW$DEFAULTVIEW(1.0),25/06/13 23:00:00,A,NR,EUR,I551-I553,CY,2012,2403848,
ESTAT:TOUR_OCC_ARNRAW$DEFAULTVIEW(1.0),25/06/13 23:00:00,A,NR,EUR,I551-I553,CY,2013,2270327,
ESTAT:TOUR_OCC_ARNRAW$DEFAULTVIEW(1.0),25/06/13 23:00:00,A,NR,EUR,I551-I553,CY,2014,2230539,
ESTAT:TOUR_OCC_ARNRAW$DEFAULTVIEW(1.0),25/06/13 23:00:00,A,NR,EUR,I551-I553,CY,2015,2151222,
ESTAT:TOUR_OCC_ARNRAW$DEFAULTVIEW(1.0),25/06/13 23:00:00,A,NR,EUR,I551-I553,CY,2016,2530572,
ESTAT:TOUR_OCC_ARNRAW$DEFAULTVIEW(1.0),25/06/13 23:00:00,A,NR,EUR,I551-I553,CY,2017,2716755,
ESTAT:TOUR_OCC_ARNRAW$DEFAULTVIEW(1.0),25/06/13 23:00:00,A,NR,EUR,I551-I553,CY,2018,2906265,
ESTAT:TOUR_OCC_ARNRAW$DEFAULTVIEW(1.0),25/06/13 23:00:00,A,NR,EUR,I551-I553,CY,2019,2931731,
ESTAT:TOUR_OCC_ARNRAW$DEFAULTVIEW(1.0),25/06/13 23:00:00,A,NR,EUR,I551-I553,CY,2020,1032465,
ESTAT:TOUR_OCC_ARNRAW$DEFAULTVIEW(1.0),25/06/13 23:00:00,A,NR,EUR,I551-I553,CY,2021,1969988,
ESTAT:TOUR_OCC_ARNRAW$DEFAULTVIEW(1.0),25/06/13 23:00:00,A,NR,EUR,I551-I553,CZ,2012,13548401,
ESTAT:TOUR_OCC_ARNRAW$DEFAULTVIEW(1.0),25/06/13 23:00:00,A,NR,EUR,I551-I553,CZ,2013,13748333,
ESTAT:TOUR_OCC_ARNRAW$DEFAULTVIEW(1.0),25/06/13 23:00:00,A,NR,EUR,I551-I553,CZ,2014,13765376,
ESTAT:TOUR_OCC_ARNRAW$DEFAULTVIEW(1.0),25/06/13 23:00:00,A,NR,EUR,I551-I553,CZ,2015,15034668,
ESTAT:TOUR_OCC_ARNRAW$DEFAULTVIEW(1.0),25/06/13 23:00:00,A,NR,EUR,I551-I553,CZ,2016,16007995,
ESTAT:TOUR_OCC_ARNRAW$DEFAULTVIEW(1.0),25/06/13 23:00:00,A,NR,EUR,I551-I553,CZ,2017,17237433,
ESTAT:TOUR_OCC_ARNRAW$DEFAULTVIEW(1.0),25/06/13 23:00:00,A,NR,EUR,I551-I553,CZ,2018,18325813,
ESTAT:TOUR_OCC_ARNRAW$DEFAULTVIEW(1.0),25/06/13 23:00:00,A,NR,EUR,I551-I553,CZ,2019,19006818,
ESTAT:TOUR_OCC_ARNRAW$DEFAULTVIEW(1.0),25/06/13 23:00:00,A,NR,EUR,I551-I553,CZ,2020,10500275,
ESTAT:TOUR_OCC_ARNRAW$DEFAULTVIEW(1.0),25/06/13 23:00:00,A,NR,EUR,I551-I553,CZ,2021,11097884,
ESTAT:TOUR_OCC_ARNRAW$DEFAULTVIEW(1.0),25/06/13 23:00:00,A,NR,EUR,I551-I553,DE,2012,139496103,
ESTAT:TOUR_OCC_ARNRAW$DEFAULTVIEW(1.0),25/06/13 23:00:00,A,NR,EUR,I551-I553,DE,2013,141538206,
ESTAT:TOUR_OCC_ARNRAW$DEFAULTVIEW(1.0),25/06/13 23:00:00,A,NR,EUR,I551-I553,DE,2014,146602009,
ESTAT:TOUR_OCC_ARNRAW$DEFAULTVIEW(1.0),25/06/13 23:00:00,A,NR,EUR,I551-I553,DE,2015,151600857,
ESTAT:TOUR_OCC_ARNRAW$DEFAULTVIEW(1.0),25/06/13 23:00:00,A,NR,EUR,I551-I553,DE,2016,156355200,
ESTAT:TOUR_OCC_ARNRAW$DEFAULTVIEW(1.0),25/06/13 23:00:00,A,NR,EUR,I551-I553,DE,2017,162215669,
ESTAT:TOUR_OCC_ARNRAW$DEFAULTVIEW(1.0),25/06/13 23:00:00,A,NR,EUR,I551-I553,DE,2018,168762763,
ESTAT:TOUR_OCC_ARNRAW$DEFAULTVIEW(1.0),25/06/13 23:00:00,A,NR,EUR,I551-I553,DE,2019,174779356,
ESTAT:TOUR_OCC_ARNRAW$DEFAULTVIEW(1.0),25/06/13 23:00:00,A,NR,EUR,I551-I553,DE,2020,93207826,
ESTAT:TOUR_OCC_ARNRAW$DEFAULTVIEW(1.0),25/06/13 23:00:00,A,NR,EUR,I551-I553,DE,2021,92065343,
ESTAT:TOUR_OCC_ARNRAW$DEFAULTVIEW(1.0),25/06/13 23:00:00,A,NR,EUR,I551-I553,DK,2012,5939655,
ESTAT:TOUR_OCC_ARNRAW$DEFAULTVIEW(1.0),25/06/13 23:00:00,A,NR,EUR,I551-I553,DK,2013,6052706,
ESTAT:TOUR_OCC_ARNRAW$DEFAULTVIEW(1.0),25/06/13 23:00:00,A,NR,EUR,I551-I553,DK,2014,6294285,e
ESTAT:TOUR_OCC_ARNRAW$DEFAULTVIEW(1.0),25/06/13 23:00:00,A,NR,EUR,I551-I553,DK,2015,6696906,e
ESTAT:TOUR_OCC_ARNRAW$DEFAULTVIEW(1.0),25/06/13 23:00:00,A,NR,EUR,I551-I553,DK,2016,6991935,e
ESTAT:TOUR_OCC_ARNRAW$DEFAULTVIEW(1.0),25/06/13 23:00:00,A,NR,EUR,I551-I553,DK,2017,7109422,e
ESTAT:TOUR_OCC_ARNRAW$DEFAULTVIEW(1.0),25/06/13 23:00:00,A,NR,EUR,I551-I553,DK,2018,7363605,e
ESTAT:TOUR_OCC_ARNRAW$DEFAULTVIEW(1.0),25/06/13 23:00:00,A,NR,EUR,I551-I553,DK,2019,7647914,e
ESTAT:TOUR_OCC_ARNRAW$DEFAULTVIEW(1.0),25/06/13 23:00:00,A,NR,EUR,I551-I553,DK,2020,4930962,e
ESTAT:TOUR_OCC_ARNRAW$DEFAULTVIEW(1.0),25/06/13 23:00:00,A,NR,EUR,I551-I553,DK,2021,6299329,e
ESTAT:TOUR_OCC_ARNRAW$DEFAULTVIEW(1.0),25/06/13 23:00:00,A,NR,EUR,I551-I553,EA,2012,991766704,
ESTAT:TOUR_OCC_ARNRAW$DEFAULTVIEW(1.0),25/06/13 23:00:00,A,NR,EUR,I551-I553,EA,2013,1006350043,
ESTAT:TOUR_OCC_ARNRAW$DEFAULTVIEW(1.0),25/06/13 23:00:00,A,NR,EUR,I551-I553,EA,2014,630278136,
ESTAT:TOUR_OCC_ARNRAW$DEFAULTVIEW(1.0),25/06/13 23:00:00,A,NR,EUR,I551-I553,EA,2015,656797555,
ESTAT:TOUR_OCC_ARNRAW$DEFAULTVIEW(1.0),25/06/13 23:00:00,A,NR,EUR,I551-I553,EA,2016,681956382,
ESTAT:TOUR_OCC_ARNRAW$DEFAULTVIEW(1.0),25/06/13 23:00:00,A,NR,EUR,I551-I553,EA,2017,715767882,e
ESTAT:TOUR_OCC_ARNRAW$DEFAULTVIEW(1.0),25/06/13 23:00:00,A,NR,EUR,I551-I553,EA,2018,742341076,e
ESTAT:TOUR_OCC_ARNRAW$DEFAULTVIEW(1.0),25/06/13 23:00:00,A,NR,EUR,I551-I553,EA,2019,764413954,
ESTAT:TOUR_OCC_ARNRAW$DEFAULTVIEW(1.0),25/06/13 23:00:00,A,NR,EUR,I551-I553,EA,2020,379407271,
ESTAT:TOUR_OCC_ARNRAW$DEFAULTVIEW(1.0),25/06/13 23:00:00,A,NR,EUR,I551-I553,EA,2021,479421016,
ESTAT:TOUR_OCC_ARNRAW$DEFAULTVIEW(1.0),25/06/13 23:00:00,A,NR,EUR,I551-I553,EE,2012,2748237,
ESTAT:TOUR_OCC_ARNRAW$DEFAULTVIEW(1.0),25/06/13 23:00:00,A,NR,EUR,I551-I553,EE,2013,2890370,
ESTAT:TOUR_OCC_ARNRAW$DEFAULTVIEW(1.0),25/06/13 23:00:00,A,NR,EUR,I551-I553,EE,2014,2976017,
ESTAT:TOUR_OCC_ARNRAW$DEFAULTVIEW(1.0),25/06/13 23:00:00,A,NR,EUR,I551-I553,EE,2015,2962591,
ESTAT:TOUR_OCC_ARNRAW$DEFAULTVIEW(1.0),25/06/13 23:00:00,A,NR,EUR,I551-I553,EE,2016,3169657,
ESTAT:TOUR_OCC_ARNRAW$DEFAULTVIEW(1.0),25/06/13 23:00:00,A,NR,EUR,I551-I553,EE,2017,3361008,
ESTAT:TOUR_OCC_ARNRAW$DEFAULTVIEW(1.0),25/06/13 23:00:00,A,NR,EUR,I551-I553,EE,2018,3384652,
ESTAT:TOUR_OCC_ARNRAW$DEFAULTVIEW(1.0),25/06/13 23:00:00,A,NR,EUR,I551-I553,EE,2019,3558224,
ESTAT:TOUR_OCC_ARNRAW$DEFAULTVIEW(1.0),25/06/13 23:00:00,A,NR,EUR,I551-I553,EE,2020,1925647,
ESTAT:TOUR_OCC_ARNRAW$DEFAULTVIEW(1.0),25/06/13 23:00:00,A,NR,EUR,I551-I553,EE,2021,2091422,
ESTAT:TOUR_OCC_ARNRAW$DEFAULTVIEW(1.0),25/06/13 23:00:00,A,NR,EUR,I551-I553,EL,2012,16619484,e
ESTAT:TOUR_OCC_ARNRAW$DEFAULTVIEW(1.0),25/06/13 23:00:00,A,NR,EUR,I551-I553,EL,2013,18267999,
ESTAT:TOUR_OCC_ARNRAW$DEFAULTVIEW(1.0),25/06/13 23:00:00,A,NR,EUR,I551-I553,EL,2014,20318324,
ESTAT:TOUR_OCC_ARNRAW$DEFAULTVIEW(1.0),25/06/13 23:00:00,A,NR,EUR,I551-I553,EL,2015,21362121,
ESTAT:TOUR_OCC_ARNRAW$DEFAULTVIEW(1.0),25/06/13 23:00:00,A,NR,EUR,I551-I553,EL,2016,22351337,
ESTAT:TOUR_OCC_ARNRAW$DEFAULTVIEW(1.0),25/06/13 23:00:00,A,NR,EUR,I551-I553,EL,2017,24087880,
ESTAT:TOUR_OCC_ARNRAW$DEFAULTVIEW(1.0),25/06/13 23:00:00,A,NR,EUR,I551-I553,EL,2018,29335992,
ESTAT:TOUR_OCC_ARNRAW$DEFAULTVIEW(1.0),25/06/13 23:00:00,A,NR,EUR,I551-I553,EL,2019,29519844,
ESTAT:TOUR_OCC_ARNRAW$DEFAULTVIEW(1.0),25/06/13 23:00:00,A,NR,EUR,I551-I553,EL,2020,9663598,
ESTAT:TOUR_OCC_ARNRAW$DEFAULTVIEW(1.0),25/06/13 23:00:00,A,NR,EUR,I551-I553,EL,2021,16693739,
ESTAT:TOUR_OCC_ARNRAW$DEFAULTVIEW(1.0),25/06/13 23:00:00,A,NR,EUR,I551-I553,ES,2012,92593053,
ESTAT:TOUR_OCC_ARNRAW$DEFAULTVIEW(1.0),25/06/13 23:00:00,A,NR,EUR,I551-I553,ES,2013,93497270,
ESTAT:TOUR_OCC_ARNRAW$DEFAULTVIEW(1.0),25/06/13 23:00:00,A,NR,EUR,I551-I553,ES,2014,98587889,
ESTAT:TOUR_OCC_ARNRAW$DEFAULTVIEW(1.0),25/06/13 23:00:00,A,NR,EUR,I551-I553,ES,2015,104297767,
ESTAT:TOUR_OCC_ARNRAW$DEFAULTVIEW(1.0),25/06/13 23:00:00,A,NR,EUR,I551-I553,ES,2016,112346058,
ESTAT:TOUR_OCC_ARNRAW$DEFAULTVIEW(1.0),25/06/13 23:00:00,A,NR,EUR,I551-I553,ES,2017,116480214,
ESTAT:TOUR_OCC_ARNRAW$DEFAULTVIEW(1.0),25/06/13 23:00:00,A,NR,EUR,I551-I553,ES,2018,117267069,
ESTAT:TOUR_OCC_ARNRAW$DEFAULTVIEW(1.0),25/06/13 23:00:00,A,NR,EUR,I551-I553,ES,2019,119954519,
ESTAT:TOUR_OCC_ARNRAW$DEFAULTVIEW(1.0),25/06/13 23:00:00,A,NR,EUR,I551-I553,ES,2020,42907995,
ESTAT:TOUR_OCC_ARNRAW$DEFAULTVIEW(1.0),25/06/13 23:00:00,A,NR,EUR,I551-I553,ES,2021,76911740,
ESTAT:TOUR_OCC_ARNRAW$DEFAULTVIEW(1.0),25/06/13 23:00:00,A,NR,EUR,I551-I553,EU27_2007,2012,1325839517,
ESTAT:TOUR_OCC_ARNRAW$DEFAULTVIEW(1.0),25/06/13 23:00:00,A,NR,EUR,I551-I553,EU27_2007,2013,1272363574,e
ESTAT:TOUR_OCC_ARNRAW$DEFAULTVIEW(1.0),25/06/13 23:00:00,A,NR,EUR,I551-I553,EU27_2007,2014,821482603,e
ESTAT:TOUR_OCC_ARNRAW$DEFAULTVIEW(1.0),25/06/13 23:00:00,A,NR,EUR,I551-I553,EU27_2007,2015,866902607,
ESTAT:TOUR_OCC_ARNRAW$DEFAULTVIEW(1.0),25/06/13 23:00:00,A,NR,EUR,I551-I553,EU27_2007,2016,899211869,
ESTAT:TOUR_OCC_ARNRAW$DEFAULTVIEW(1.0),25/06/13 23:00:00,A,NR,EUR,I551-I553,EU27_2007,2017,946972979,e
ESTAT:TOUR_OCC_ARNRAW$DEFAULTVIEW(1.0),25/06/13 23:00:00,A,NR,EUR,I551-I553,EU27_2007,2018,981218790,e
ESTAT:TOUR_OCC_ARNRAW$DEFAULTVIEW(1.0),25/06/13 23:00:00,A,NR,EUR,I551-I553,EU27_2007,2019,1014725539,e
ESTAT:TOUR_OCC_ARNRAW$DEFAULTVIEW(1.0),25/06/13 23:00:00,A,NR,EUR,I551-I553,EU27_2020,2012,1155862102,
ESTAT:TOUR_OCC_ARNRAW$DEFAULTVIEW(1.0),25/06/13 23:00:00,A,NR,EUR,I551-I553,EU27_2020,2013,1176108403,
ESTAT:TOUR_OCC_ARNRAW$DEFAULTVIEW(1.0),25/06/13 23:00:00,A,NR,EUR,I551-I553,EU27_2020,2014,733584797,
ESTAT:TOUR_OCC_ARNRAW$DEFAULTVIEW(1.0),25/06/13 23:00:00,A,NR,EUR,I551-I553,EU27_2020,2015,768792951,
ESTAT:TOUR_OCC_ARNRAW$DEFAULTVIEW(1.0),25/06/13 23:00:00,A,NR,EUR,I551-I553,EU27_2020,2016,802847349,
ESTAT:TOUR_OCC_ARNRAW$DEFAULTVIEW(1.0),25/06/13 23:00:00,A,NR,EUR,I551-I553,EU27_2020,2017,843744518,e
ESTAT:TOUR_OCC_ARNRAW$DEFAULTVIEW(1.0),25/06/13 23:00:00,A,NR,EUR,I551-I553,EU27_2020,2018,876580165,e
ESTAT:TOUR_OCC_ARNRAW$DEFAULTVIEW(1.0),25/06/13 23:00:00,A,NR,EUR,I551-I553,EU27_2020,2019,904445360,
ESTAT:TOUR_OCC_ARNRAW$DEFAULTVIEW(1.0),25/06/13 23:00:00,A,NR,EUR,I551-I553,EU27_2020,2020,452394321,e
ESTAT:TOUR_OCC_ARNRAW$DEFAULTVIEW(1.0),25/06/13 23:00:00,A,NR,EUR,I551-I553,EU27_2020,2021,573375533,e
ESTAT:TOUR_OCC_ARNRAW$DEFAULTVIEW(1.0),25/06/13 23:00:00,A,NR,EUR,I551-I553,EU28,2012,1337988577,
ESTAT:TOUR_OCC_ARNRAW$DEFAULTVIEW(1.0),25/06/13 23:00:00,A,NR,EUR,I551-I553,EU28,2013,1285221710,e
ESTAT:TOUR_OCC_ARNRAW$DEFAULTVIEW(1.0),25/06/13 23:00:00,A,NR,EUR,I551-I553,EU28,2014,833409430,e
ESTAT:TOUR_OCC_ARNRAW$DEFAULTVIEW(1.0),25/06/13 23:00:00,A,NR,EUR,I551-I553,EU28,2015,879496090,
ESTAT:TOUR_OCC_ARNRAW$DEFAULTVIEW(1.0),25/06/13 23:00:00,A,NR,EUR,I551-I553,EU28,2016,912975859,
ESTAT:TOUR_OCC_ARNRAW$DEFAULTVIEW(1.0),25/06/13 23:00:00,A,NR,EUR,I551-I553,EU28,2017,962186805,e
ESTAT:TOUR_OCC_ARNRAW$DEFAULTVIEW(1.0),25/06/13 23:00:00,A,NR,EUR,I551-I553,EU28,2018,997349724,e
ESTAT:TOUR_OCC_ARNRAW$DEFAULTVIEW(1.0),25/06/13 23:00:00,A,NR,EUR,I551-I553,EU28,2019,1031547344,e
ESTAT:TOUR_OCC_ARNRAW$DEFAULTVIEW(1.0),25/06/13 23:00:00,A,NR,EUR,I551-I553,FI,2012,10336780,
ESTAT:TOUR_OCC_ARNRAW$DEFAULTVIEW(1.0),25/06/13 23:00:00,A,NR,EUR,I551-I553,FI,2013,10248182,
ESTAT:TOUR_OCC_ARNRAW$DEFAULTVIEW(1.0),25/06/13 23:00:00,A,NR,EUR,I551-I553,FI,2014,10024374,
ESTAT:TOUR_OCC_ARNRAW$DEFAULTVIEW(1.0),25/06/13 23:00:00,A,NR,EUR,I551-I553,FI,2015,10028170,
ESTAT:TOUR_OCC_ARNRAW$DEFAULTVIEW(1.0),25/06/13 23:00:00,A,NR,EUR,I551-I553,FI,2016,10244853,
ESTAT:TOUR_OCC_ARNRAW$DEFAULTVIEW(1.0),25/06/13 23:00:00,A,NR,EUR,I551-I553,FI,2017,10792613,
ESTAT:TOUR_OCC_ARNRAW$DEFAULTVIEW(1.0),25/06/13 23:00:00,A,NR,EUR,I551-I553,FI,2018,10938083,
ESTAT:TOUR_OCC_ARNRAW$DEFAULTVIEW(1.0),25/06/13 23:00:00,A,NR,EUR,I551-I553,FI,2019,11396470,
ESTAT:TOUR_OCC_ARNRAW$DEFAULTVIEW(1.0),25/06/13 23:00:00,A,NR,EUR,I551-I553,FI,2020,7086250,
ESTAT:TOUR_OCC_ARNRAW$DEFAULTVIEW(1.0),25/06/13 23:00:00,A,NR,EUR,I551-I553,FI,2021,8824107,
ESTAT:TOUR_OCC_ARNRAW$DEFAULTVIEW(1.0),25/06/13 23:00:00,A,NR,EUR,I551-I553,FR,2012,139263480,
ESTAT:TOUR_OCC_ARNRAW$DEFAULTVIEW(1.0),25/06/13 23:00:00,A,NR,EUR,I551-I553,FR,2013,142472501,
ESTAT:TOUR_OCC_ARNRAW$DEFAULTVIEW(1.0),25/06/13 23:00:00,A,NR,EUR,I551-I553,FR,2014,141538912,
ESTAT:TOUR_OCC_ARNRAW$DEFAULTVIEW(1.0),25/06/13 23:00:00,A,NR,EUR,I551-I553,FR,2015,145209146,
ESTAT:TOUR_OCC_ARNRAW$DEFAULTVIEW(1.0),25/06/13 23:00:00,A,NR,EUR,I551-I553,FR,2016,146012242,
ESTAT:TOUR_OCC_ARNRAW$DEFAULTVIEW(1.0),25/06/13 23:00:00,A,NR,EUR,I551-I553,FR,2017,153835755,
ESTAT:TOUR_OCC_ARNRAW$DEFAULTVIEW(1.0),25/06/13 23:00:00,A,NR,EUR,I551-I553,FR,2018,156714702,
ESTAT:TOUR_OCC_ARNRAW$DEFAULTVIEW(1.0),25/06/13 23:00:00,A,NR,EUR,I551-I553,FR,2019,161358577,
ESTAT:TOUR_OCC_ARNRAW$DEFAULTVIEW(1.0),25/06/13 23:00:00,A,NR,EUR,I551-I553,FR,2020,89584736,e
ESTAT:TOUR_OCC_ARNRAW$DEFAULTVIEW(1.0),25/06/13 23:00:00,A,NR,EUR,I551-I553,FR,2021,114542959,e
ESTAT:TOUR_OCC_ARNRAW$DEFAULTVIEW(1.0),25/06/13 23:00:00,A,NR,EUR,I551-I553,HR,2012,10744103,
ESTAT:TOUR_OCC_ARNRAW$DEFAULTVIEW(1.0),25/06/13 23:00:00,A,NR,EUR,I551-I553,HR,2013,11235616,
ESTAT:TOUR_OCC_ARNRAW$DEFAULTVIEW(1.0),25/06/13 23:00:00,A,NR,EUR,I551-I553,HR,2014,11584144,
ESTAT:TOUR_OCC_ARNRAW$DEFAULTVIEW(1.0),25/06/13 23:00:00,A,NR,EUR,I551-I553,HR,2015,12593483,
ESTAT:TOUR_OCC_ARNRAW$DEFAULTVIEW(1.0),25/06/13 23:00:00,A,NR,EUR,I551-I553,HR,2016,13763990,
ESTAT:TOUR_OCC_ARNRAW$DEFAULTVIEW(1.0),25/06/13 23:00:00,A,NR,EUR,I551-I553,HR,2017,15213826,
ESTAT:TOUR_OCC_ARNRAW$DEFAULTVIEW(1.0),25/06/13 23:00:00,A,NR,EUR,I551-I553,HR,2018,16130934,
ESTAT:TOUR_OCC_ARNRAW$DEFAULTVIEW(1.0),25/06/13 23:00:00,A,NR,EUR,I551-I553,HR,2019,16821805,
ESTAT:TOUR_OCC_ARNRAW$DEFAULTVIEW(1.0),25/06/13 23:00:00,A,NR,EUR,I551-I553,HR,2020,6818640,
ESTAT:TOUR_OCC_ARNRAW$DEFAULTVIEW(1.0),25/06/13 23:00:00,A,NR,EUR,I551-I553,HR,2021,12333327,
ESTAT:TOUR_OCC_ARNRAW$DEFAULTVIEW(1.0),25/06/13 23:00:00,A,NR,EUR,I551-I553,HU,2012,8160666,
ESTAT:TOUR_OCC_ARNRAW$DEFAULTVIEW(1.0),25/06/13 23:00:00,A,NR,EUR,I551-I553,HU,2013,8565273,
ESTAT:TOUR_OCC_ARNRAW$DEFAULTVIEW(1.0),25/06/13 23:00:00,A,NR,EUR,I551-I553,HU,2014,9277948,
ESTAT:TOUR_OCC_ARNRAW$DEFAULTVIEW(1.0),25/06/13 23:00:00,A,NR,EUR,I551-I553,HU,2015,9907090,
ESTAT:TOUR_OCC_ARNRAW$DEFAULTVIEW(1.0),25/06/13 23:00:00,A,NR,EUR,I551-I553,HU,2016,10546187,
ESTAT:TOUR_OCC_ARNRAW$DEFAULTVIEW(1.0),25/06/13 23:00:00,A,NR,EUR,I551-I553,HU,2017,11176138,
ESTAT:TOUR_OCC_ARNRAW$DEFAULTVIEW(1.0),25/06/13 23:00:00,A,NR,EUR,I551-I553,HU,2018,11658897,
ESTAT:TOUR_OCC_ARNRAW$DEFAULTVIEW(1.0),25/06/13 23:00:00,A,NR,EUR,I551-I553,HU,2019,11944385,
ESTAT:TOUR_OCC_ARNRAW$DEFAULTVIEW(1.0),25/06/13 23:00:00,A,NR,EUR,I551-I553,HU,2020,5448614,
ESTAT:TOUR_OCC_ARNRAW$DEFAULTVIEW(1.0),25/06/13 23:00:00,A,NR,EUR,I551-I553,HU,2021,6351201,
ESTAT:TOUR_OCC_ARNRAW$DEFAULTVIEW(1.0),25/06/13 23:00:00,A,NR,EUR,I551-I553,IE,2012,9382315,u
ESTAT:TOUR_OCC_ARNRAW$DEFAULTVIEW(1.0),25/06/13 23:00:00,A,NR,EUR,I551-I553,IE,2013,9122441,u
ESTAT:TOUR_OCC_ARNRAW$DEFAULTVIEW(1.0),25/06/13 23:00:00,A,NR,EUR,I551-I553,IE,2014,9761530,e
ESTAT:TOUR_OCC_ARNRAW$DEFAULTVIEW(1.0),25/06/13 23:00:00,A,NR,EUR,I551-I553,IE,2015,10053681,e
ESTAT:TOUR_OCC_ARNRAW$DEFAULTVIEW(1.0),25/06/13 23:00:00,A,NR,EUR,I551-I553,IE,2016,9696249,e
ESTAT:TOUR_OCC_ARNRAW$DEFAULTVIEW(1.0),25/06/13 23:00:00,A,NR,EUR,I551-I553,IE,2018,11213788,u
ESTAT:TOUR_OCC_ARNRAW$DEFAULTVIEW(1.0),25/06/13 23:00:00,A,NR,EUR,I551-I553,IE,2019,10887937,e
ESTAT:TOUR_OCC_ARNRAW$DEFAULTVIEW(1.0),25/06/13 23:00:00,A,NR,EUR,I551-I553,IE,2020,4652178,e
ESTAT:TOUR_OCC_ARNRAW$DEFAULTVIEW(1.0),25/06/13 23:00:00,A,NR,EUR,I551-I553,IE,2021,3654217,e
ESTAT:TOUR_OCC_ARNRAW$DEFAULTVIEW(1.0),25/06/13 23:00:00,A,NR,EUR,I551-I553,IS,2012,1792530,
ESTAT:TOUR_OCC_ARNRAW$DEFAULTVIEW(1.0),25/06/13 23:00:00,A,NR,EUR,I551-I553,IS,2013,1973185,
ESTAT:TOUR_OCC_ARNRAW$DEFAULTVIEW(1.0),25/06/13 23:00:00,A,NR,EUR,I551-I553,IS,2014,2662605,
ESTAT:TOUR_OCC_ARNRAW$DEFAULTVIEW(1.0),25/06/13 23:00:00,A,NR,EUR,I551-I553,IS,2015,2997460,
ESTAT:TOUR_OCC_ARNRAW$DEFAULTVIEW(1.0),25/06/13 23:00:00,A,NR,EUR,I551-I553,IS,2016,3182169,
ESTAT:TOUR_OCC_ARNRAW$DEFAULTVIEW(1.0),25/06/13 23:00:00,A,NR,EUR,I551-I553,IS,2019,3188292,
ESTAT:TOUR_OCC_ARNRAW$DEFAULTVIEW(1.0),25/06/13 23:00:00,A,NR,EUR,I551-I553,IS,2020,1659102,
ESTAT:TOUR_OCC_ARNRAW$DEFAULTVIEW(1.0),25/06/13 23:00:00,A,NR,EUR,I551-I553,IS,2021,2397361,
ESTAT:TOUR_OCC_ARNRAW$DEFAULTVIEW(1.0),25/06/13 23:00:00,A,NR,EUR,I551-I553,IT,2012,90056877,
ESTAT:TOUR_OCC_ARNRAW$DEFAULTVIEW(1.0),25/06/13 23:00:00,A,NR,EUR,I551-I553,IT,2013,89594943,
ESTAT:TOUR_OCC_ARNRAW$DEFAULTVIEW(1.0),25/06/13 23:00:00,A,NR,EUR,I551-I553,IT,2014,91578229,
ESTAT:TOUR_OCC_ARNRAW$DEFAULTVIEW(1.0),25/06/13 23:00:00,A,NR,EUR,I551-I553,IT,2015,96295252,
ESTAT:TOUR_OCC_ARNRAW$DEFAULTVIEW(1.0),25/06/13 23:00:00,A,NR,EUR,I551-I553,IT,2016,100445654,
ESTAT:TOUR_OCC_ARNRAW$DEFAULTVIEW(1.0),25/06/13 23:00:00,A,NR,EUR,I551-I553,IT,2017,105012484,
ESTAT:TOUR_OCC_ARNRAW$DEFAULTVIEW(1.0),25/06/13 23:00:00,A,NR,EUR,I551-I553,IT,2018,108577629,
ESTAT:TOUR_OCC_ARNRAW$DEFAULTVIEW(1.0),25/06/13 23:00:00,A,NR,EUR,I551-I553,IT,2019,110960586,
ESTAT:TOUR_OCC_ARNRAW$DEFAULTVIEW(1.0),25/06/13 23:00:00,A,NR,EUR,I551-I553,IT,2020,53544290,
ESTAT:TOUR_OCC_ARNRAW$DEFAULTVIEW(1.0),25/06/13 23:00:00,A,NR,EUR,I551-I553,IT,2021,75647676,
ESTAT:TOUR_OCC_ARNRAW$DEFAULTVIEW(1.0),25/06/13 23:00:00,A,NR,EUR,I551-I553,LI,2012,56684,
ESTAT:TOUR_OCC_ARNRAW$DEFAULTVIEW(1.0),25/06/13 23:00:00,A,NR,EUR,I551-I553,LI,2013,54136,
ESTAT:TOUR_OCC_ARNRAW$DEFAULTVIEW(1.0),25/06/13 23:00:00,A,NR,EUR,I551-I553,LI,2014,54846,
ESTAT:TOUR_OCC_ARNRAW$DEFAULTVIEW(1.0),25/06/13 23:00:00,A,NR,EUR,I551-I553,LI,2015,49327,
ESTAT:TOUR_OCC_ARNRAW$DEFAULTVIEW(1.0),25/06/13 23:00:00,A,NR,EUR,I551-I553,LI,2016,61053,
ESTAT:TOUR_OCC_ARNRAW$DEFAULTVIEW(1.0),25/06/13 23:00:00,A,NR,EUR,I551-I553,LI,2017,68986,
ESTAT:TOUR_OCC_ARNRAW$DEFAULTVIEW(1.0),25/06/13 23:00:00,A,NR,EUR,I551-I553,LI,2018,74730,
ESTAT:TOUR_OCC_ARNRAW$DEFAULTVIEW(1.0),25/06/13 23:00:00,A,NR,EUR,I551-I553,LI,2019,85252,
ESTAT:TOUR_OCC_ARNRAW$DEFAULTVIEW(1.0),25/06/13 23:00:00,A,NR,EUR,I551-I553,LI,2020,57883,
ESTAT:TOUR_OCC_ARNRAW$DEFAULTVIEW(1.0),25/06/13 23:00:00,A,NR,EUR,I551-I553,LI,2021,71103,
ESTAT:TOUR_OCC_ARNRAW$DEFAULTVIEW(1.0),25/06/13 23:00:00,A,NR,EUR,I551-I553,LT,2012,2152253,
ESTAT:TOUR_OCC_ARNRAW$DEFAULTVIEW(1.0),25/06/13 23:00:00,A,NR,EUR,I551-I553,LT,2013,2372929,
ESTAT:TOUR_OCC_ARNRAW$DEFAULTVIEW(1.0),25/06/13 23:00:00,A,NR,EUR,I551-I553,LT,2014,2560493,
ESTAT:TOUR_OCC_ARNRAW$DEFAULTVIEW(1.0),25/06/13 23:00:00,A,NR,EUR,I551-I553,LT,2015,2674782,
ESTAT:TOUR_OCC_ARNRAW$DEFAULTVIEW(1.0),25/06/13 23:00:00,A,NR,EUR,I551-I553,LT,2016,2923268,
ESTAT:TOUR_OCC_ARNRAW$DEFAULTVIEW(1.0),25/06/13 23:00:00,A,NR,EUR,I551-I553,LT,2017,3095641,
ESTAT:TOUR_OCC_ARNRAW$DEFAULTVIEW(1.0),25/06/13 23:00:00,A,NR,EUR,I551-I553,LT,2018,3427531,
ESTAT:TOUR_OCC_ARNRAW$DEFAULTVIEW(1.0),25/06/13 23:00:00,A,NR,EUR,I551-I553,LT,2019,3821480,
ESTAT:TOUR_OCC_ARNRAW$DEFAULTVIEW(1.0),25/06/13 23:00:00,A,NR,EUR,I551-I553,LT,2020,2095815,
ESTAT:TOUR_OCC_ARNRAW$DEFAULTVIEW(1.0),25/06/13 23:00:00,A,NR,EUR,I551-I553,LT,2021,2408916,
ESTAT:TOUR_OCC_ARNRAW$DEFAULTVIEW(1.0),25/06/13 23:00:00,A,NR,EUR,I551-I553,LU,2012,893568,
ESTAT:TOUR_OCC_ARNRAW$DEFAULTVIEW(1.0),25/06/13 23:00:00,A,NR,EUR,I551-I553,LU,2013,940063,
ESTAT:TOUR_OCC_ARNRAW$DEFAULTVIEW(1.0),25/06/13 23:00:00,A,NR,EUR,I551-I553,LU,2014,1019624,
ESTAT:TOUR_OCC_ARNRAW$DEFAULTVIEW(1.0),25/06/13 23:00:00,A,NR,EUR,I551-I553,LU,2015,1059753,
ESTAT:TOUR_OCC_ARNRAW$DEFAULTVIEW(1.0),25/06/13 23:00:00,A,NR,EUR,I551-I553,LU,2016,1037913,
ESTAT:TOUR_OCC_ARNRAW$DEFAULTVIEW(1.0),25/06/13 23:00:00,A,NR,EUR,I551-I553,LU,2017,1037779,
ESTAT:TOUR_OCC_ARNRAW$DEFAULTVIEW(1.0),25/06/13 23:00:00,A,NR,EUR,I551-I553,LU,2018,1025561,
ESTAT:TOUR_OCC_ARNRAW$DEFAULTVIEW(1.0),25/06/13 23:00:00,A,NR,EUR,I551-I553,LU,2019,1050720,
ESTAT:TOUR_OCC_ARNRAW$DEFAULTVIEW(1.0),25/06/13 23:00:00,A,NR,EUR,I551-I553,LU,2020,619094,
ESTAT:TOUR_OCC_ARNRAW$DEFAULTVIEW(1.0),25/06/13 23:00:00,A,NR,EUR,I551-I553,LU,2021,768086,
ESTAT:TOUR_OCC_ARNRAW$DEFAULTVIEW(1.0),25/06/13 23:00:00,A,NR,EUR,I551-I553,LV,2012,1576115,
ESTAT:TOUR_OCC_ARNRAW$DEFAULTVIEW(1.0),25/06/13 23:00:00,A,NR,EUR,I551-I553,LV,2013,1742747,
ESTAT:TOUR_OCC_ARNRAW$DEFAULTVIEW(1.0),25/06/13 23:00:00,A,NR,EUR,I551-I553,LV,2014,1975201,
ESTAT:TOUR_OCC_ARNRAW$DEFAULTVIEW(1.0),25/06/13 23:00:00,A,NR,EUR,I551-I553,LV,2015,1997940,
ESTAT:TOUR_OCC_ARNRAW$DEFAULTVIEW(1.0),25/06/13 23:00:00,A,NR,EUR,I551-I553,LV,2016,2174929,
ESTAT:TOUR_OCC_ARNRAW$DEFAULTVIEW(1.0),25/06/13 23:00:00,A,NR,EUR,I551-I553,LV,2017,2408122,
ESTAT:TOUR_OCC_ARNRAW$DEFAULTVIEW(1.0),25/06/13 23:00:00,A,NR,EUR,I551-I553,LV,2018,2621982,
ESTAT:TOUR_OCC_ARNRAW$DEFAULTVIEW(1.0),25/06/13 23:00:00,A,NR,EUR,I551-I553,LV,2019,2687776,
ESTAT:TOUR_OCC_ARNRAW$DEFAULTVIEW(1.0),25/06/13 23:00:00,A,NR,EUR,I551-I553,LV,2020,1424808,
ESTAT:TOUR_OCC_ARNRAW$DEFAULTVIEW(1.0),25/06/13 23:00:00,A,NR,EUR,I551-I553,LV,2021,1278661,
ESTAT:TOUR_OCC_ARNRAW$DEFAULTVIEW(1.0),25/06/13 23:00:00,A,NR,EUR,I551-I553,ME,2012,1389914,
ESTAT:TOUR_OCC_ARNRAW$DEFAULTVIEW(1.0),25/06/13 23:00:00,A,NR,EUR,I551-I553,ME,2015,1637211,
ESTAT:TOUR_OCC_ARNRAW$DEFAULTVIEW(1.0),25/06/13 23:00:00,A,NR,EUR,I551-I553,ME,2016,1722748,
ESTAT:TOUR_OCC_ARNRAW$DEFAULTVIEW(1.0),25/06/13 23:00:00,A,NR,EUR,I551-I553,ME,2017,837756,b
ESTAT:TOUR_OCC_ARNRAW$DEFAULTVIEW(1.0),25/06/13 23:00:00,A,NR,EUR,I551-I553,MK,2012,524489,
ESTAT:TOUR_OCC_ARNRAW$DEFAULTVIEW(1.0),25/06/13 23:00:00,A,NR,EUR,I551-I553,MK,2013,560778,
ESTAT:TOUR_OCC_ARNRAW$DEFAULTVIEW(1.0),25/06/13 23:00:00,A,NR,EUR,I551-I553,MK,2014,583756,
ESTAT:TOUR_OCC_ARNRAW$DEFAULTVIEW(1.0),25/06/13 23:00:00,A,NR,EUR,I551-I553,MK,2015,647895,
ESTAT:TOUR_OCC_ARNRAW$DEFAULTVIEW(1.0),25/06/13 23:00:00,A,NR,EUR,I551-I553,MK,2016,683783,
ESTAT:TOUR_OCC_ARNRAW$DEFAULTVIEW(1.0),25/06/13 23:00:00,A,NR,EUR,I551-I553,MK,2017,793056,
ESTAT:TOUR_OCC_ARNRAW$DEFAULTVIEW(1.0),25/06/13 23:00:00,A,NR,EUR,I551-I553,MK,2018,879360,
ESTAT:TOUR_OCC_ARNRAW$DEFAULTVIEW(1.0),25/06/13 23:00:00,A,NR,EUR,I551-I553,MK,2019,938453,
ESTAT:TOUR_OCC_ARNRAW$DEFAULTVIEW(1.0),25/06/13 23:00:00,A,NR,EUR,I551-I553,MK,2020,343958,
ESTAT:TOUR_OCC_ARNRAW$DEFAULTVIEW(1.0),25/06/13 23:00:00,A,NR,EUR,I551-I553,MK,2021,527808,
ESTAT:TOUR_OCC_ARNRAW$DEFAULTVIEW(1.0),25/06/13 23:00:00,A,NR,EUR,I551-I553,MT,2012,1249555,
ESTAT:TOUR_OCC_ARNRAW$DEFAULTVIEW(1.0),25/06/13 23:00:00,A,NR,EUR,I551-I553,MT,2013,1337311,e
ESTAT:TOUR_OCC_ARNRAW$DEFAULTVIEW(1.0),25/06/13 23:00:00,A,NR,EUR,I551-I553,MT,2014,1422114,e
ESTAT:TOUR_OCC_ARNRAW$DEFAULTVIEW(1.0),25/06/13 23:00:00,A,NR,EUR,I551-I553,MT,2015,1468589,e
ESTAT:TOUR_OCC_ARNRAW$DEFAULTVIEW(1.0),25/06/13 23:00:00,A,NR,EUR,I551-I553,MT,2016,1498731,e
ESTAT:TOUR_OCC_ARNRAW$DEFAULTVIEW(1.0),25/06/13 23:00:00,A,NR,EUR,I551-I553,MT,2017,1701166,e
ESTAT:TOUR_OCC_ARNRAW$DEFAULTVIEW(1.0),25/06/13 23:00:00,A,NR,EUR,I551-I553,MT,2018,1822432,e
ESTAT:TOUR_OCC_ARNRAW$DEFAULTVIEW(1.0),25/06/13 23:00:00,A,NR,EUR,I551-I553,MT,2019,1841107,e
ESTAT:TOUR_OCC_ARNRAW$DEFAULTVIEW(1.0),25/06/13 23:00:00,A,NR,EUR,I551-I553,MT,2020,677586,e
ESTAT:TOUR_OCC_ARNRAW$DEFAULTVIEW(1.0),25/06/13 23:00:00,A,NR,EUR,I551-I553,MT,2021,958077,e
ESTAT:TOUR_OCC_ARNRAW$DEFAULTVIEW(1.0),25/06/13 23:00:00,A,NR,EUR,I551-I553,NL,2012,28776731,
ESTAT:TOUR_OCC_ARNRAW$DEFAULTVIEW(1.0),25/06/13 23:00:00,A,NR,EUR,I551-I553,NL,2013,31552864,
ESTAT:TOUR_OCC_ARNRAW$DEFAULTVIEW(1.0),25/06/13 23:00:00,A,NR,EUR,I551-I553,NL,2014,33125944,
ESTAT:TOUR_OCC_ARNRAW$DEFAULTVIEW(1.0),25/06/13 23:00:00,A,NR,EUR,I551-I553,NL,2015,34360829,
ESTAT:TOUR_OCC_ARNRAW$DEFAULTVIEW(1.0),25/06/13 23:00:00,A,NR,EUR,I551-I553,NL,2016,35796784,
ESTAT:TOUR_OCC_ARNRAW$DEFAULTVIEW(1.0),25/06/13 23:00:00,A,NR,EUR,I551-I553,NL,2017,38462267,
ESTAT:TOUR_OCC_ARNRAW$DEFAULTVIEW(1.0),25/06/13 23:00:00,A,NR,EUR,I551-I553,NL,2018,40106229,
ESTAT:TOUR_OCC_ARNRAW$DEFAULTVIEW(1.0),25/06/13 23:00:00,A,NR,EUR,I551-I553,NL,2019,41837639,
ESTAT:TOUR_OCC_ARNRAW$DEFAULTVIEW(1.0),25/06/13 23:00:00,A,NR,EUR,I551-I553,NL,2020,26582128,
ESTAT:TOUR_OCC_ARNRAW$DEFAULTVIEW(1.0),25/06/13 23:00:00,A,NR,EUR,I551-I553,NL,2021,31049558,
ESTAT:TOUR_OCC_ARNRAW$DEFAULTVIEW(1.0),25/06/13 23:00:00,A,NR,EUR,I551-I553,NO,2012,18017826,
ESTAT:TOUR_OCC_ARNRAW$DEFAULTVIEW(1.0),25/06/13 23:00:00,A,NR,EUR,I551-I553,NO,2013,17824732,
ESTAT:TOUR_OCC_ARNRAW$DEFAULTVIEW(1.0),25/06/13 23:00:00,A,NR,EUR,I551-I553,NO,2014,17837356,
ESTAT:TOUR_OCC_ARNRAW$DEFAULTVIEW(1.0),25/06/13 23:00:00,A,NR,EUR,I551-I553,NO,2015,18327586,
ESTAT:TOUR_OCC_ARNRAW$DEFAULTVIEW(1.0),25/06/13 23:00:00,A,NR,EUR,I551-I553,NO,2016,19420894,
ESTAT:TOUR_OCC_ARNRAW$DEFAULTVIEW(1.0),25/06/13 23:00:00,A,NR,EUR,I551-I553,NO,2020,11219327,
ESTAT:TOUR_OCC_ARNRAW$DEFAULTVIEW(1.0),25/06/13 23:00:00,A,NR,EUR,I551-I553,NO,2021,12423884,
ESTAT:TOUR_OCC_ARNRAW$DEFAULTVIEW(1.0),25/06/13 23:00:00,A,NR,EUR,I551-I553,PL,2012,21950578,
ESTAT:TOUR_OCC_ARNRAW$DEFAULTVIEW(1.0),25/06/13 23:00:00,A,NR,EUR,I551-I553,PL,2013,22643289,
ESTAT:TOUR_OCC_ARNRAW$DEFAULTVIEW(1.0),25/06/13 23:00:00,A,NR,EUR,I551-I553,PL,2014,24277880,
ESTAT:TOUR_OCC_ARNRAW$DEFAULTVIEW(1.0),25/06/13 23:00:00,A,NR,EUR,I551-I553,PL,2015,26078970,
ESTAT:TOUR_OCC_ARNRAW$DEFAULTVIEW(1.0),25/06/13 23:00:00,A,NR,EUR,I551-I553,PL,2016,29085178,
ESTAT:TOUR_OCC_ARNRAW$DEFAULTVIEW(1.0),25/06/13 23:00:00,A,NR,EUR,I551-I553,PL,2017,30884462,
ESTAT:TOUR_OCC_ARNRAW$DEFAULTVIEW(1.0),25/06/13 23:00:00,A,NR,EUR,I551-I553,PL,2018,32708089,
ESTAT:TOUR_OCC_ARNRAW$DEFAULTVIEW(1.0),25/06/13 23:00:00,A,NR,EUR,I551-I553,PL,2019,34365088,
ESTAT:TOUR_OCC_ARNRAW$DEFAULTVIEW(1.0),25/06/13 23:00:00,A,NR,EUR,I551-I553,PL,2020,17638886,
ESTAT:TOUR_OCC_ARNRAW$DEFAULTVIEW(1.0),25/06/13 23:00:00,A,NR,EUR,I551-I553,PL,2021,21915504,
ESTAT:TOUR_OCC_ARNRAW$DEFAULTVIEW(1.0),25/06/13 23:00:00,A,NR,EUR,I551-I553,PT,2012,13261084,
ESTAT:TOUR_OCC_ARNRAW$DEFAULTVIEW(1.0),25/06/13 23:00:00,A,NR,EUR,I551-I553,PT,2013,14288512,
ESTAT:TOUR_OCC_ARNRAW$DEFAULTVIEW(1.0),25/06/13 23:00:00,A,NR,EUR,I551-I553,PT,2014,15955210,
ESTAT:TOUR_OCC_ARNRAW$DEFAULTVIEW(1.0),25/06/13 23:00:00,A,NR,EUR,I551-I553,PT,2015,17644771,
ESTAT:TOUR_OCC_ARNRAW$DEFAULTVIEW(1.0),25/06/13 23:00:00,A,NR,EUR,I551-I553,PT,2016,19408651,
ESTAT:TOUR_OCC_ARNRAW$DEFAULTVIEW(1.0),25/06/13 23:00:00,A,NR,EUR,I551-I553,PT,2017,21159466,
ESTAT:TOUR_OCC_ARNRAW$DEFAULTVIEW(1.0),25/06/13 23:00:00,A,NR,EUR,I551-I553,PT,2018,21969490,
ESTAT:TOUR_OCC_ARNRAW$DEFAULTVIEW(1.0),25/06/13 23:00:00,A,NR,EUR,I551-I553,PT,2019,23299959,
ESTAT:TOUR_OCC_ARNRAW$DEFAULTVIEW(1.0),25/06/13 23:00:00,A,NR,EUR,I551-I553,PT,2020,10233846,
ESTAT:TOUR_OCC_ARNRAW$DEFAULTVIEW(1.0),25/06/13 23:00:00,A,NR,EUR,I551-I553,PT,2021,14233064,
ESTAT:TOUR_OCC_ARNRAW$DEFAULTVIEW(1.0),25/06/13 23:00:00,A,NR,EUR,I551-I553,RO,2012,7344210,
ESTAT:TOUR_OCC_ARNRAW$DEFAULTVIEW(1.0),25/06/13 23:00:00,A,NR,EUR,I551-I553,RO,2013,7586027,
ESTAT:TOUR_OCC_ARNRAW$DEFAULTVIEW(1.0),25/06/13 23:00:00,A,NR,EUR,I551-I553,RO,2014,8007628,
ESTAT:TOUR_OCC_ARNRAW$DEFAULTVIEW(1.0),25/06/13 23:00:00,A,NR,EUR,I551-I553,RO,2015,9329148,
ESTAT:TOUR_OCC_ARNRAW$DEFAULTVIEW(1.0),25/06/13 23:00:00,A,NR,EUR,I551-I553,RO,2016,10293949,
ESTAT:TOUR_OCC_ARNRAW$DEFAULTVIEW(1.0),25/06/13 23:00:00,A,NR,EUR,I551-I553,RO,2017,11345865,
ESTAT:TOUR_OCC_ARNRAW$DEFAULTVIEW(1.0),25/06/13 23:00:00,A,NR,EUR,I551-I553,RO,2018,12101084,
ESTAT:TOUR_OCC_ARNRAW$DEFAULTVIEW(1.0),25/06/13 23:00:00,A,NR,EUR,I551-I553,RO,2019,12589019,
ESTAT:TOUR_OCC_ARNRAW$DEFAULTVIEW(1.0),25/06/13 23:00:00,A,NR,EUR,I551-I553,RS,2012,1906004,
ESTAT:TOUR_OCC_ARNRAW$DEFAULTVIEW(1.0),25/06/13 23:00:00,A,NR,EUR,I551-I553,RS,2013,1969592,
ESTAT:TOUR_OCC_ARNRAW$DEFAULTVIEW(1.0),25/06/13 23:00:00,A,NR,EUR,I551-I553,RS,2014,2003159,
ESTAT:TOUR_OCC_ARNRAW$DEFAULTVIEW(1.0),25/06/13 23:00:00,A,NR,EUR,I551-I553,RS,2015,2279350,
ESTAT:TOUR_OCC_ARNRAW$DEFAULTVIEW(1.0),25/06/13 23:00:00,A,NR,EUR,I551-I553,RS,2016,2585400,
ESTAT:TOUR_OCC_ARNRAW$DEFAULTVIEW(1.0),25/06/13 23:00:00,A,NR,EUR,I551-I553,RS,2020,1752559,
ESTAT:TOUR_OCC_ARNRAW$DEFAULTVIEW(1.0),25/06/13 23:00:00,A,NR,EUR,I551-I553,RS,2021,2466608,
ESTAT:TOUR_OCC_ARNRAW$DEFAULTVIEW(1.0),25/06/13 23:00:00,A,NR,EUR,I551-I553,SE,2012,22892179,e
ESTAT:TOUR_OCC_ARNRAW$DEFAULTVIEW(1.0),25/06/13 23:00:00,A,NR,EUR,I551-I553,SE,2013,23580678,e
ESTAT:TOUR_OCC_ARNRAW$DEFAULTVIEW(1.0),25/06/13 23:00:00,A,NR,EUR,I551-I553,SE,2014,24611770,e
ESTAT:TOUR_OCC_ARNRAW$DEFAULTVIEW(1.0),25/06/13 23:00:00,A,NR,EUR,I551-I553,SE,2015,26576681,e
ESTAT:TOUR_OCC_ARNRAW$DEFAULTVIEW(1.0),25/06/13 23:00:00,A,NR,EUR,I551-I553,SE,2016,27422172,e
ESTAT:TOUR_OCC_ARNRAW$DEFAULTVIEW(1.0),25/06/13 23:00:00,A,NR,EUR,I551-I553,SE,2017,27995028,e
ESTAT:TOUR_OCC_ARNRAW$DEFAULTVIEW(1.0),25/06/13 23:00:00,A,NR,EUR,I551-I553,SE,2018,28631450,e
ESTAT:TOUR_OCC_ARNRAW$DEFAULTVIEW(1.0),25/06/13 23:00:00,A,NR,EUR,I551-I553,SE,2019,29993401,e
ESTAT:TOUR_OCC_ARNRAW$DEFAULTVIEW(1.0),25/06/13 23:00:00,A,NR,EUR,I551-I553,SE,2020,18113029,e
ESTAT:TOUR_OCC_ARNRAW$DEFAULTVIEW(1.0),25/06/13 23:00:00,A,NR,EUR,I551-I553,SE,2021,23315871,e
ESTAT:TOUR_OCC_ARNRAW$DEFAULTVIEW(1.0),25/06/13 23:00:00,A,NR,EUR,I551-I553,SI,2012,3004719,
ESTAT:TOUR_OCC_ARNRAW$DEFAULTVIEW(1.0),25/06/13 23:00:00,A,NR,EUR,I551-I553,SI,2013,3054273,
ESTAT:TOUR_OCC_ARNRAW$DEFAULTVIEW(1.0),25/06/13 23:00:00,A,NR,EUR,I551-I553,SI,2014,3117518,
ESTAT:TOUR_OCC_ARNRAW$DEFAULTVIEW(1.0),25/06/13 23:00:00,A,NR,EUR,I551-I553,SI,2015,3436951,
ESTAT:TOUR_OCC_ARNRAW$DEFAULTVIEW(1.0),25/06/13 23:00:00,A,NR,EUR,I551-I553,SI,2016,3769609,
ESTAT:TOUR_OCC_ARNRAW$DEFAULTVIEW(1.0),25/06/13 23:00:00,A,NR,EUR,I551-I553,SI,2017,4277132,
ESTAT:TOUR_OCC_ARNRAW$DEFAULTVIEW(1.0),25/06/13 23:00:00,A,NR,EUR,I551-I553,SI,2019,5409259,
ESTAT:TOUR_OCC_ARNRAW$DEFAULTVIEW(1.0),25/06/13 23:00:00,A,NR,EUR,I551-I553,SI,2020,2994194,
ESTAT:TOUR_OCC_ARNRAW$DEFAULTVIEW(1.0),25/06/13 23:00:00,A,NR,EUR,I551-I553,SI,2021,3909173,
ESTAT:TOUR_OCC_ARNRAW$DEFAULTVIEW(1.0),25/06/13 23:00:00,A,NR,EUR,I551-I553,SK,2012,3579293,
ESTAT:TOUR_OCC_ARNRAW$DEFAULTVIEW(1.0),25/06/13 23:00:00,A,NR,EUR,I551-I553,SK,2013,3839530,
ESTAT:TOUR_OCC_ARNRAW$DEFAULTVIEW(1.0),25/06/13 23:00:00,A,NR,EUR,I551-I553,SK,2014,3557337,
ESTAT:TOUR_OCC_ARNRAW$DEFAULTVIEW(1.0),25/06/13 23:00:00,A,NR,EUR,I551-I553,SK,2015,4078595,
ESTAT:TOUR_OCC_ARNRAW$DEFAULTVIEW(1.0),25/06/13 23:00:00,A,NR,EUR,I551-I553,SK,2016,4720723,
ESTAT:TOUR_OCC_ARNRAW$DEFAULTVIEW(1.0),25/06/13 23:00:00,A,NR,EUR,I551-I553,SK,2017,5001996,
ESTAT:TOUR_OCC_ARNRAW$DEFAULTVIEW(1.0),25/06/13 23:00:00,A,NR,EUR,I551-I553,SK,2018,5200671,
ESTAT:TOUR_OCC_ARNRAW$DEFAULTVIEW(1.0),25/06/13 23:00:00,A,NR,EUR,I551-I553,SK,2019,5970221,
ESTAT:TOUR_OCC_ARNRAW$DEFAULTVIEW(1.0),25/06/13 23:00:00,A,NR,EUR,I551-I553,SK,2020,3055176,
ESTAT:TOUR_OCC_ARNRAW$DEFAULTVIEW(1.0),25/06/13 23:00:00,A,NR,EUR,I551-I553,SK,2021,2604229,
ESTAT:TOUR_OCC_ARNRAW$DEFAULTVIEW(1.0),25/06/13 23:00:00,A,NR,EUR,I551-I553,TR,2018,60984459,
ESTAT:TOUR_OCC_ARNRAW$DEFAULTVIEW(1.0),25/06/13 23:00:00,A,NR,EUR,I551-I553,TR,2019,68146165,
ESTAT:TOUR_OCC_ARNRAW$DEFAULTVIEW(1.0),25/06/13 23:00:00,A,NR,EUR,I551-I553,TR,2020,38601709,
ESTAT:TOUR_OCC_ARNRAW$DEFAULTVIEW(1.0),25/06/13 23:00:00,A,NR,EUR,I551-I553,UK,2012,99212475,
ESTAT:TOUR_OCC_ARNRAW$DEFAULTVIEW(1.0),25/06/13 23:00:00,A,NR,EUR,I551-I553,UK,2015,110703139,
ESTAT:TOUR_OCC_ARNRAW$DEFAULTVIEW(1.0),25/06/13 23:00:00,A,NR,EUR,I551-I553,UK,2016,110128510,
